collection_slug,event_type,total_price,id,image_url,image_preview_url,image_thumbnail_url,name,buyer_username,buyer_profile_img_url,seller_username,seller_profile_img_url,timestamp
manzcoin-nftz,successful,0.069,20949227,https://lh3.googleusercontent.com/AAmh6zd_glmKCZNNBqUfQySm0hfTQtHH63yTV1McKXFqtNkxcUkoTxXYwY_1obG39AjEm7WYtIauoqmDmcqNf0OWoXHkRPTA5JEn-w,https://lh3.googleusercontent.com/AAmh6zd_glmKCZNNBqUfQySm0hfTQtHH63yTV1McKXFqtNkxcUkoTxXYwY_1obG39AjEm7WYtIauoqmDmcqNf0OWoXHkRPTA5JEn-w=s250,https://lh3.googleusercontent.com/AAmh6zd_glmKCZNNBqUfQySm0hfTQtHH63yTV1McKXFqtNkxcUkoTxXYwY_1obG39AjEm7WYtIauoqmDmcqNf0OWoXHkRPTA5JEn-w=s128,Manzcoin - #131 / 200,bernzone,https://storage.googleapis.com/opensea-static/opensea-profile/20.png,themanz,https://storage.googleapis.com/opensea-static/opensea-profile/23.png,2021-04-07T03:43:49
manzcoin-nftz,successful,0.069,20900476,https://lh3.googleusercontent.com/AAmh6zd_glmKCZNNBqUfQySm0hfTQtHH63yTV1McKXFqtNkxcUkoTxXYwY_1obG39AjEm7WYtIauoqmDmcqNf0OWoXHkRPTA5JEn-w,https://lh3.googleusercontent.com/AAmh6zd_glmKCZNNBqUfQySm0hfTQtHH63yTV1McKXFqtNkxcUkoTxXYwY_1obG39AjEm7WYtIauoqmDmcqNf0OWoXHkRPTA5JEn-w=s250,https://lh3.googleusercontent.com/AAmh6zd_glmKCZNNBqUfQySm0hfTQtHH63yTV1McKXFqtNkxcUkoTxXYwY_1obG39AjEm7WYtIauoqmDmcqNf0OWoXHkRPTA5JEn-w=s128,Manzcoin - #70 / 200,BobbySessions,https://storage.googleapis.com/opensea-static/opensea-profile/20.png,themanz,https://storage.googleapis.com/opensea-static/opensea-profile/23.png,2021-04-07T02:06:40
manzcoin-nftz,successful,0.069,20949422,https://lh3.googleusercontent.com/AAmh6zd_glmKCZNNBqUfQySm0hfTQtHH63yTV1McKXFqtNkxcUkoTxXYwY_1obG39AjEm7WYtIauoqmDmcqNf0OWoXHkRPTA5JEn-w,https://lh3.googleusercontent.com/AAmh6zd_glmKCZNNBqUfQySm0hfTQtHH63yTV1McKXFqtNkxcUkoTxXYwY_1obG39AjEm7WYtIauoqmDmcqNf0OWoXHkRPTA5JEn-w=s250,https://lh3.googleusercontent.com/AAmh6zd_glmKCZNNBqUfQySm0hfTQtHH63yTV1McKXFqtNkxcUkoTxXYwY_1obG39AjEm7WYtIauoqmDmcqNf0OWoXHkRPTA5JEn-w=s128,Manzcoin - #142 / 200,,https://storage.googleapis.com/opensea-static/opensea-profile/28.png,themanz,https://storage.googleapis.com/opensea-static/opensea-profile/23.png,2021-04-06T14:30:03
manzcoin-nftz,successful,0.069,20800931,https://lh3.googleusercontent.com/AAmh6zd_glmKCZNNBqUfQySm0hfTQtHH63yTV1McKXFqtNkxcUkoTxXYwY_1obG39AjEm7WYtIauoqmDmcqNf0OWoXHkRPTA5JEn-w,https://lh3.googleusercontent.com/AAmh6zd_glmKCZNNBqUfQySm0hfTQtHH63yTV1McKXFqtNkxcUkoTxXYwY_1obG39AjEm7WYtIauoqmDmcqNf0OWoXHkRPTA5JEn-w=s250,https://lh3.googleusercontent.com/AAmh6zd_glmKCZNNBqUfQySm0hfTQtHH63yTV1McKXFqtNkxcUkoTxXYwY_1obG39AjEm7WYtIauoqmDmcqNf0OWoXHkRPTA5JEn-w=s128,Manzcoin - #41 / 200,pickelino,https://storage.googleapis.com/opensea-static/opensea-profile/25.png,themanz,https://storage.googleapis.com/opensea-static/opensea-profile/23.png,2021-04-06T02:27:49
manzcoin-nftz,successful,0.069,20949460,https://lh3.googleusercontent.com/AAmh6zd_glmKCZNNBqUfQySm0hfTQtHH63yTV1McKXFqtNkxcUkoTxXYwY_1obG39AjEm7WYtIauoqmDmcqNf0OWoXHkRPTA5JEn-w,https://lh3.googleusercontent.com/AAmh6zd_glmKCZNNBqUfQySm0hfTQtHH63yTV1McKXFqtNkxcUkoTxXYwY_1obG39AjEm7WYtIauoqmDmcqNf0OWoXHkRPTA5JEn-w=s250,https://lh3.googleusercontent.com/AAmh6zd_glmKCZNNBqUfQySm0hfTQtHH63yTV1McKXFqtNkxcUkoTxXYwY_1obG39AjEm7WYtIauoqmDmcqNf0OWoXHkRPTA5JEn-w=s128,Manzcoin - #147 / 200,kennytrulove,https://storage.googleapis.com/opensea-static/opensea-profile/30.png,themanz,https://storage.googleapis.com/opensea-static/opensea-profile/23.png,2021-04-05T22:05:41
manzcoin-nftz,successful,0.069,20948700,https://lh3.googleusercontent.com/AAmh6zd_glmKCZNNBqUfQySm0hfTQtHH63yTV1McKXFqtNkxcUkoTxXYwY_1obG39AjEm7WYtIauoqmDmcqNf0OWoXHkRPTA5JEn-w,https://lh3.googleusercontent.com/AAmh6zd_glmKCZNNBqUfQySm0hfTQtHH63yTV1McKXFqtNkxcUkoTxXYwY_1obG39AjEm7WYtIauoqmDmcqNf0OWoXHkRPTA5JEn-w=s250,https://lh3.googleusercontent.com/AAmh6zd_glmKCZNNBqUfQySm0hfTQtHH63yTV1McKXFqtNkxcUkoTxXYwY_1obG39AjEm7WYtIauoqmDmcqNf0OWoXHkRPTA5JEn-w=s128,Manzcoin - #125 / 200,just-a-dude-and-his-nfts,https://storage.googleapis.com/opensea-static/opensea-profile/4.png,themanz,https://storage.googleapis.com/opensea-static/opensea-profile/23.png,2021-04-05T21:06:02
manzcoin-nftz,successful,0.069,20900501,https://lh3.googleusercontent.com/AAmh6zd_glmKCZNNBqUfQySm0hfTQtHH63yTV1McKXFqtNkxcUkoTxXYwY_1obG39AjEm7WYtIauoqmDmcqNf0OWoXHkRPTA5JEn-w,https://lh3.googleusercontent.com/AAmh6zd_glmKCZNNBqUfQySm0hfTQtHH63yTV1McKXFqtNkxcUkoTxXYwY_1obG39AjEm7WYtIauoqmDmcqNf0OWoXHkRPTA5JEn-w=s250,https://lh3.googleusercontent.com/AAmh6zd_glmKCZNNBqUfQySm0hfTQtHH63yTV1McKXFqtNkxcUkoTxXYwY_1obG39AjEm7WYtIauoqmDmcqNf0OWoXHkRPTA5JEn-w=s128,Manzcoin - #72 / 200,just-a-dude-and-his-nfts,https://storage.googleapis.com/opensea-static/opensea-profile/4.png,themanz,https://storage.googleapis.com/opensea-static/opensea-profile/23.png,2021-04-05T21:04:14
manzcoin-nftz,successful,0.069,20948670,https://lh3.googleusercontent.com/AAmh6zd_glmKCZNNBqUfQySm0hfTQtHH63yTV1McKXFqtNkxcUkoTxXYwY_1obG39AjEm7WYtIauoqmDmcqNf0OWoXHkRPTA5JEn-w,https://lh3.googleusercontent.com/AAmh6zd_glmKCZNNBqUfQySm0hfTQtHH63yTV1McKXFqtNkxcUkoTxXYwY_1obG39AjEm7WYtIauoqmDmcqNf0OWoXHkRPTA5JEn-w=s250,https://lh3.googleusercontent.com/AAmh6zd_glmKCZNNBqUfQySm0hfTQtHH63yTV1McKXFqtNkxcUkoTxXYwY_1obG39AjEm7WYtIauoqmDmcqNf0OWoXHkRPTA5JEn-w=s128,Manzcoin - #121 / 200,irblack,https://storage.googleapis.com/opensea-static/opensea-profile/27.png,themanz,https://storage.googleapis.com/opensea-static/opensea-profile/23.png,2021-04-05T20:54:56
manzcoin-nftz,successful,0.069,20949425,https://lh3.googleusercontent.com/AAmh6zd_glmKCZNNBqUfQySm0hfTQtHH63yTV1McKXFqtNkxcUkoTxXYwY_1obG39AjEm7WYtIauoqmDmcqNf0OWoXHkRPTA5JEn-w,https://lh3.googleusercontent.com/AAmh6zd_glmKCZNNBqUfQySm0hfTQtHH63yTV1McKXFqtNkxcUkoTxXYwY_1obG39AjEm7WYtIauoqmDmcqNf0OWoXHkRPTA5JEn-w=s250,https://lh3.googleusercontent.com/AAmh6zd_glmKCZNNBqUfQySm0hfTQtHH63yTV1McKXFqtNkxcUkoTxXYwY_1obG39AjEm7WYtIauoqmDmcqNf0OWoXHkRPTA5JEn-w=s128,Manzcoin - #143 / 200,DDCLUTCH44,https://storage.googleapis.com/opensea-static/opensea-profile/12.png,themanz,https://storage.googleapis.com/opensea-static/opensea-profile/23.png,2021-04-05T17:20:14
manzcoin-nftz,successful,0.069,20800999,https://lh3.googleusercontent.com/AAmh6zd_glmKCZNNBqUfQySm0hfTQtHH63yTV1McKXFqtNkxcUkoTxXYwY_1obG39AjEm7WYtIauoqmDmcqNf0OWoXHkRPTA5JEn-w,https://lh3.googleusercontent.com/AAmh6zd_glmKCZNNBqUfQySm0hfTQtHH63yTV1McKXFqtNkxcUkoTxXYwY_1obG39AjEm7WYtIauoqmDmcqNf0OWoXHkRPTA5JEn-w=s250,https://lh3.googleusercontent.com/AAmh6zd_glmKCZNNBqUfQySm0hfTQtHH63yTV1McKXFqtNkxcUkoTxXYwY_1obG39AjEm7WYtIauoqmDmcqNf0OWoXHkRPTA5JEn-w=s128,Manzcoin - #45 / 200,jnuni,https://storage.googleapis.com/opensea-static/opensea-profile/2.png,themanz,https://storage.googleapis.com/opensea-static/opensea-profile/23.png,2021-04-05T12:15:12
manzcoin-nftz,successful,0.069,20949438,https://lh3.googleusercontent.com/AAmh6zd_glmKCZNNBqUfQySm0hfTQtHH63yTV1McKXFqtNkxcUkoTxXYwY_1obG39AjEm7WYtIauoqmDmcqNf0OWoXHkRPTA5JEn-w,https://lh3.googleusercontent.com/AAmh6zd_glmKCZNNBqUfQySm0hfTQtHH63yTV1McKXFqtNkxcUkoTxXYwY_1obG39AjEm7WYtIauoqmDmcqNf0OWoXHkRPTA5JEn-w=s250,https://lh3.googleusercontent.com/AAmh6zd_glmKCZNNBqUfQySm0hfTQtHH63yTV1McKXFqtNkxcUkoTxXYwY_1obG39AjEm7WYtIauoqmDmcqNf0OWoXHkRPTA5JEn-w=s128,Manzcoin - #144 / 200,,https://storage.googleapis.com/opensea-static/opensea-profile/2.png,themanz,https://storage.googleapis.com/opensea-static/opensea-profile/23.png,2021-04-04T02:57:14
manzcoin-nftz,successful,0.069,20900324,https://lh3.googleusercontent.com/AAmh6zd_glmKCZNNBqUfQySm0hfTQtHH63yTV1McKXFqtNkxcUkoTxXYwY_1obG39AjEm7WYtIauoqmDmcqNf0OWoXHkRPTA5JEn-w,https://lh3.googleusercontent.com/AAmh6zd_glmKCZNNBqUfQySm0hfTQtHH63yTV1McKXFqtNkxcUkoTxXYwY_1obG39AjEm7WYtIauoqmDmcqNf0OWoXHkRPTA5JEn-w=s250,https://lh3.googleusercontent.com/AAmh6zd_glmKCZNNBqUfQySm0hfTQtHH63yTV1McKXFqtNkxcUkoTxXYwY_1obG39AjEm7WYtIauoqmDmcqNf0OWoXHkRPTA5JEn-w=s128,Manzcoin - #52 / 200,Parcher,https://storage.googleapis.com/opensea-static/opensea-profile/6.png,themanz,https://storage.googleapis.com/opensea-static/opensea-profile/23.png,2021-04-03T20:06:45
manzcoin-nftz,successful,0.069,20800663,https://lh3.googleusercontent.com/AAmh6zd_glmKCZNNBqUfQySm0hfTQtHH63yTV1McKXFqtNkxcUkoTxXYwY_1obG39AjEm7WYtIauoqmDmcqNf0OWoXHkRPTA5JEn-w,https://lh3.googleusercontent.com/AAmh6zd_glmKCZNNBqUfQySm0hfTQtHH63yTV1McKXFqtNkxcUkoTxXYwY_1obG39AjEm7WYtIauoqmDmcqNf0OWoXHkRPTA5JEn-w=s250,https://lh3.googleusercontent.com/AAmh6zd_glmKCZNNBqUfQySm0hfTQtHH63yTV1McKXFqtNkxcUkoTxXYwY_1obG39AjEm7WYtIauoqmDmcqNf0OWoXHkRPTA5JEn-w=s128,Manzcoin - #36 / 200,,https://storage.googleapis.com/opensea-static/opensea-profile/15.png,themanz,https://storage.googleapis.com/opensea-static/opensea-profile/23.png,2021-04-03T19:47:02
manzcoin-nftz,successful,0.069,20800651,https://lh3.googleusercontent.com/AAmh6zd_glmKCZNNBqUfQySm0hfTQtHH63yTV1McKXFqtNkxcUkoTxXYwY_1obG39AjEm7WYtIauoqmDmcqNf0OWoXHkRPTA5JEn-w,https://lh3.googleusercontent.com/AAmh6zd_glmKCZNNBqUfQySm0hfTQtHH63yTV1McKXFqtNkxcUkoTxXYwY_1obG39AjEm7WYtIauoqmDmcqNf0OWoXHkRPTA5JEn-w=s250,https://lh3.googleusercontent.com/AAmh6zd_glmKCZNNBqUfQySm0hfTQtHH63yTV1McKXFqtNkxcUkoTxXYwY_1obG39AjEm7WYtIauoqmDmcqNf0OWoXHkRPTA5JEn-w=s128,Manzcoin - #35 / 200,ahewgill,https://storage.googleapis.com/opensea-static/opensea-profile/29.png,themanz,https://storage.googleapis.com/opensea-static/opensea-profile/23.png,2021-04-03T15:42:57
manzcoin-nftz,successful,0.069,20919897,https://lh3.googleusercontent.com/AAmh6zd_glmKCZNNBqUfQySm0hfTQtHH63yTV1McKXFqtNkxcUkoTxXYwY_1obG39AjEm7WYtIauoqmDmcqNf0OWoXHkRPTA5JEn-w,https://lh3.googleusercontent.com/AAmh6zd_glmKCZNNBqUfQySm0hfTQtHH63yTV1McKXFqtNkxcUkoTxXYwY_1obG39AjEm7WYtIauoqmDmcqNf0OWoXHkRPTA5JEn-w=s250,https://lh3.googleusercontent.com/AAmh6zd_glmKCZNNBqUfQySm0hfTQtHH63yTV1McKXFqtNkxcUkoTxXYwY_1obG39AjEm7WYtIauoqmDmcqNf0OWoXHkRPTA5JEn-w=s128,Manzcoin - #80 / 200,Mocexx,https://storage.googleapis.com/opensea-static/opensea-profile/15.png,themanz,https://storage.googleapis.com/opensea-static/opensea-profile/23.png,2021-04-03T13:36:08
manzcoin-nftz,successful,0.069,20800927,https://lh3.googleusercontent.com/AAmh6zd_glmKCZNNBqUfQySm0hfTQtHH63yTV1McKXFqtNkxcUkoTxXYwY_1obG39AjEm7WYtIauoqmDmcqNf0OWoXHkRPTA5JEn-w,https://lh3.googleusercontent.com/AAmh6zd_glmKCZNNBqUfQySm0hfTQtHH63yTV1McKXFqtNkxcUkoTxXYwY_1obG39AjEm7WYtIauoqmDmcqNf0OWoXHkRPTA5JEn-w=s250,https://lh3.googleusercontent.com/AAmh6zd_glmKCZNNBqUfQySm0hfTQtHH63yTV1McKXFqtNkxcUkoTxXYwY_1obG39AjEm7WYtIauoqmDmcqNf0OWoXHkRPTA5JEn-w=s128,Manzcoin - #40 / 200,skyler,https://storage.googleapis.com/opensea-static/opensea-profile/14.png,themanz,https://storage.googleapis.com/opensea-static/opensea-profile/23.png,2021-04-03T04:00:30
manzcoin-nftz,successful,0.069,20948687,https://lh3.googleusercontent.com/AAmh6zd_glmKCZNNBqUfQySm0hfTQtHH63yTV1McKXFqtNkxcUkoTxXYwY_1obG39AjEm7WYtIauoqmDmcqNf0OWoXHkRPTA5JEn-w,https://lh3.googleusercontent.com/AAmh6zd_glmKCZNNBqUfQySm0hfTQtHH63yTV1McKXFqtNkxcUkoTxXYwY_1obG39AjEm7WYtIauoqmDmcqNf0OWoXHkRPTA5JEn-w=s250,https://lh3.googleusercontent.com/AAmh6zd_glmKCZNNBqUfQySm0hfTQtHH63yTV1McKXFqtNkxcUkoTxXYwY_1obG39AjEm7WYtIauoqmDmcqNf0OWoXHkRPTA5JEn-w=s128,Manzcoin - #123 / 200,strem87,https://storage.googleapis.com/opensea-static/opensea-profile/27.png,themanz,https://storage.googleapis.com/opensea-static/opensea-profile/23.png,2021-04-03T02:20:08
manzcoin-nftz,successful,0.069,20740234,https://lh3.googleusercontent.com/AAmh6zd_glmKCZNNBqUfQySm0hfTQtHH63yTV1McKXFqtNkxcUkoTxXYwY_1obG39AjEm7WYtIauoqmDmcqNf0OWoXHkRPTA5JEn-w,https://lh3.googleusercontent.com/AAmh6zd_glmKCZNNBqUfQySm0hfTQtHH63yTV1McKXFqtNkxcUkoTxXYwY_1obG39AjEm7WYtIauoqmDmcqNf0OWoXHkRPTA5JEn-w=s250,https://lh3.googleusercontent.com/AAmh6zd_glmKCZNNBqUfQySm0hfTQtHH63yTV1McKXFqtNkxcUkoTxXYwY_1obG39AjEm7WYtIauoqmDmcqNf0OWoXHkRPTA5JEn-w=s128,Manzcoin - #19 / 200,RyanFoley,https://storage.googleapis.com/opensea-static/opensea-profile/31.png,themanz,https://storage.googleapis.com/opensea-static/opensea-profile/23.png,2021-04-03T02:11:00
manzcoin-nftz,successful,0.069,20800433,https://lh3.googleusercontent.com/AAmh6zd_glmKCZNNBqUfQySm0hfTQtHH63yTV1McKXFqtNkxcUkoTxXYwY_1obG39AjEm7WYtIauoqmDmcqNf0OWoXHkRPTA5JEn-w,https://lh3.googleusercontent.com/AAmh6zd_glmKCZNNBqUfQySm0hfTQtHH63yTV1McKXFqtNkxcUkoTxXYwY_1obG39AjEm7WYtIauoqmDmcqNf0OWoXHkRPTA5JEn-w=s250,https://lh3.googleusercontent.com/AAmh6zd_glmKCZNNBqUfQySm0hfTQtHH63yTV1McKXFqtNkxcUkoTxXYwY_1obG39AjEm7WYtIauoqmDmcqNf0OWoXHkRPTA5JEn-w=s128,Manzcoin - #31 / 200,dcoop328,https://storage.googleapis.com/opensea-static/opensea-profile/9.png,themanz,https://storage.googleapis.com/opensea-static/opensea-profile/23.png,2021-04-03T00:50:43
manzcoin-nftz,successful,0.15000000000000002,20948629,https://lh3.googleusercontent.com/AAmh6zd_glmKCZNNBqUfQySm0hfTQtHH63yTV1McKXFqtNkxcUkoTxXYwY_1obG39AjEm7WYtIauoqmDmcqNf0OWoXHkRPTA5JEn-w,https://lh3.googleusercontent.com/AAmh6zd_glmKCZNNBqUfQySm0hfTQtHH63yTV1McKXFqtNkxcUkoTxXYwY_1obG39AjEm7WYtIauoqmDmcqNf0OWoXHkRPTA5JEn-w=s250,https://lh3.googleusercontent.com/AAmh6zd_glmKCZNNBqUfQySm0hfTQtHH63yTV1McKXFqtNkxcUkoTxXYwY_1obG39AjEm7WYtIauoqmDmcqNf0OWoXHkRPTA5JEn-w=s128,Manzcoin - #115 / 200,dcoop328,https://storage.googleapis.com/opensea-static/opensea-profile/9.png,loudogsports,https://storage.googleapis.com/opensea-static/opensea-profile/5.png,2021-04-03T00:47:29
manzcoin-nftz,successful,0.069,20949475,https://lh3.googleusercontent.com/AAmh6zd_glmKCZNNBqUfQySm0hfTQtHH63yTV1McKXFqtNkxcUkoTxXYwY_1obG39AjEm7WYtIauoqmDmcqNf0OWoXHkRPTA5JEn-w,https://lh3.googleusercontent.com/AAmh6zd_glmKCZNNBqUfQySm0hfTQtHH63yTV1McKXFqtNkxcUkoTxXYwY_1obG39AjEm7WYtIauoqmDmcqNf0OWoXHkRPTA5JEn-w=s250,https://lh3.googleusercontent.com/AAmh6zd_glmKCZNNBqUfQySm0hfTQtHH63yTV1McKXFqtNkxcUkoTxXYwY_1obG39AjEm7WYtIauoqmDmcqNf0OWoXHkRPTA5JEn-w=s128,Manzcoin - #150 / 200,,https://storage.googleapis.com/opensea-static/opensea-profile/4.png,themanz,https://storage.googleapis.com/opensea-static/opensea-profile/23.png,2021-04-02T23:29:04
manzcoin-nftz,successful,0.069,20740196,https://lh3.googleusercontent.com/AAmh6zd_glmKCZNNBqUfQySm0hfTQtHH63yTV1McKXFqtNkxcUkoTxXYwY_1obG39AjEm7WYtIauoqmDmcqNf0OWoXHkRPTA5JEn-w,https://lh3.googleusercontent.com/AAmh6zd_glmKCZNNBqUfQySm0hfTQtHH63yTV1McKXFqtNkxcUkoTxXYwY_1obG39AjEm7WYtIauoqmDmcqNf0OWoXHkRPTA5JEn-w=s250,https://lh3.googleusercontent.com/AAmh6zd_glmKCZNNBqUfQySm0hfTQtHH63yTV1McKXFqtNkxcUkoTxXYwY_1obG39AjEm7WYtIauoqmDmcqNf0OWoXHkRPTA5JEn-w=s128,Manzcoin - #14 / 200,jsmdfs,https://storage.googleapis.com/opensea-static/opensea-profile/16.png,themanz,https://storage.googleapis.com/opensea-static/opensea-profile/23.png,2021-04-02T22:12:04
manzcoin-nftz,successful,0.069,20743114,https://lh3.googleusercontent.com/AAmh6zd_glmKCZNNBqUfQySm0hfTQtHH63yTV1McKXFqtNkxcUkoTxXYwY_1obG39AjEm7WYtIauoqmDmcqNf0OWoXHkRPTA5JEn-w,https://lh3.googleusercontent.com/AAmh6zd_glmKCZNNBqUfQySm0hfTQtHH63yTV1McKXFqtNkxcUkoTxXYwY_1obG39AjEm7WYtIauoqmDmcqNf0OWoXHkRPTA5JEn-w=s250,https://lh3.googleusercontent.com/AAmh6zd_glmKCZNNBqUfQySm0hfTQtHH63yTV1McKXFqtNkxcUkoTxXYwY_1obG39AjEm7WYtIauoqmDmcqNf0OWoXHkRPTA5JEn-w=s128,Manzcoin - #26 / 200,,https://storage.googleapis.com/opensea-static/opensea-profile/17.png,themanz,https://storage.googleapis.com/opensea-static/opensea-profile/23.png,2021-04-02T21:58:39
manzcoin-nftz,successful,0.069,20919970,https://lh3.googleusercontent.com/AAmh6zd_glmKCZNNBqUfQySm0hfTQtHH63yTV1McKXFqtNkxcUkoTxXYwY_1obG39AjEm7WYtIauoqmDmcqNf0OWoXHkRPTA5JEn-w,https://lh3.googleusercontent.com/AAmh6zd_glmKCZNNBqUfQySm0hfTQtHH63yTV1McKXFqtNkxcUkoTxXYwY_1obG39AjEm7WYtIauoqmDmcqNf0OWoXHkRPTA5JEn-w=s250,https://lh3.googleusercontent.com/AAmh6zd_glmKCZNNBqUfQySm0hfTQtHH63yTV1McKXFqtNkxcUkoTxXYwY_1obG39AjEm7WYtIauoqmDmcqNf0OWoXHkRPTA5JEn-w=s128,Manzcoin - #83 / 200,RKFDblue,https://storage.googleapis.com/opensea-static/opensea-profile/19.png,themanz,https://storage.googleapis.com/opensea-static/opensea-profile/23.png,2021-04-02T21:51:59
manzcoin-nftz,successful,0.069,20740226,https://lh3.googleusercontent.com/AAmh6zd_glmKCZNNBqUfQySm0hfTQtHH63yTV1McKXFqtNkxcUkoTxXYwY_1obG39AjEm7WYtIauoqmDmcqNf0OWoXHkRPTA5JEn-w,https://lh3.googleusercontent.com/AAmh6zd_glmKCZNNBqUfQySm0hfTQtHH63yTV1McKXFqtNkxcUkoTxXYwY_1obG39AjEm7WYtIauoqmDmcqNf0OWoXHkRPTA5JEn-w=s250,https://lh3.googleusercontent.com/AAmh6zd_glmKCZNNBqUfQySm0hfTQtHH63yTV1McKXFqtNkxcUkoTxXYwY_1obG39AjEm7WYtIauoqmDmcqNf0OWoXHkRPTA5JEn-w=s128,Manzcoin - #18 / 200,DailyRojo,https://storage.googleapis.com/opensea-static/opensea-profile/2.png,themanz,https://storage.googleapis.com/opensea-static/opensea-profile/23.png,2021-04-02T21:33:06
manzcoin-nftz,successful,0.069,20743251,https://lh3.googleusercontent.com/AAmh6zd_glmKCZNNBqUfQySm0hfTQtHH63yTV1McKXFqtNkxcUkoTxXYwY_1obG39AjEm7WYtIauoqmDmcqNf0OWoXHkRPTA5JEn-w,https://lh3.googleusercontent.com/AAmh6zd_glmKCZNNBqUfQySm0hfTQtHH63yTV1McKXFqtNkxcUkoTxXYwY_1obG39AjEm7WYtIauoqmDmcqNf0OWoXHkRPTA5JEn-w=s250,https://lh3.googleusercontent.com/AAmh6zd_glmKCZNNBqUfQySm0hfTQtHH63yTV1McKXFqtNkxcUkoTxXYwY_1obG39AjEm7WYtIauoqmDmcqNf0OWoXHkRPTA5JEn-w=s128,Manzcoin - #29 / 200,Alex3422,https://storage.googleapis.com/opensea-static/opensea-profile/26.png,themanz,https://storage.googleapis.com/opensea-static/opensea-profile/23.png,2021-04-02T21:19:06
manzcoin-nftz,successful,0.069,20920083,https://lh3.googleusercontent.com/AAmh6zd_glmKCZNNBqUfQySm0hfTQtHH63yTV1McKXFqtNkxcUkoTxXYwY_1obG39AjEm7WYtIauoqmDmcqNf0OWoXHkRPTA5JEn-w,https://lh3.googleusercontent.com/AAmh6zd_glmKCZNNBqUfQySm0hfTQtHH63yTV1McKXFqtNkxcUkoTxXYwY_1obG39AjEm7WYtIauoqmDmcqNf0OWoXHkRPTA5JEn-w=s250,https://lh3.googleusercontent.com/AAmh6zd_glmKCZNNBqUfQySm0hfTQtHH63yTV1McKXFqtNkxcUkoTxXYwY_1obG39AjEm7WYtIauoqmDmcqNf0OWoXHkRPTA5JEn-w=s128,Manzcoin - #86 / 200,ScruffMcGruff,https://storage.googleapis.com/opensea-static/opensea-profile/29.png,themanz,https://storage.googleapis.com/opensea-static/opensea-profile/23.png,2021-04-02T21:18:54
manzcoin-nftz,successful,0.069,20743258,https://lh3.googleusercontent.com/AAmh6zd_glmKCZNNBqUfQySm0hfTQtHH63yTV1McKXFqtNkxcUkoTxXYwY_1obG39AjEm7WYtIauoqmDmcqNf0OWoXHkRPTA5JEn-w,https://lh3.googleusercontent.com/AAmh6zd_glmKCZNNBqUfQySm0hfTQtHH63yTV1McKXFqtNkxcUkoTxXYwY_1obG39AjEm7WYtIauoqmDmcqNf0OWoXHkRPTA5JEn-w=s250,https://lh3.googleusercontent.com/AAmh6zd_glmKCZNNBqUfQySm0hfTQtHH63yTV1McKXFqtNkxcUkoTxXYwY_1obG39AjEm7WYtIauoqmDmcqNf0OWoXHkRPTA5JEn-w=s128,Manzcoin - #30 / 200,Mocexx,https://storage.googleapis.com/opensea-static/opensea-profile/15.png,themanz,https://storage.googleapis.com/opensea-static/opensea-profile/23.png,2021-04-02T21:16:53
manzcoin-nftz,successful,0.069,20743110,https://lh3.googleusercontent.com/AAmh6zd_glmKCZNNBqUfQySm0hfTQtHH63yTV1McKXFqtNkxcUkoTxXYwY_1obG39AjEm7WYtIauoqmDmcqNf0OWoXHkRPTA5JEn-w,https://lh3.googleusercontent.com/AAmh6zd_glmKCZNNBqUfQySm0hfTQtHH63yTV1McKXFqtNkxcUkoTxXYwY_1obG39AjEm7WYtIauoqmDmcqNf0OWoXHkRPTA5JEn-w=s250,https://lh3.googleusercontent.com/AAmh6zd_glmKCZNNBqUfQySm0hfTQtHH63yTV1McKXFqtNkxcUkoTxXYwY_1obG39AjEm7WYtIauoqmDmcqNf0OWoXHkRPTA5JEn-w=s128,Manzcoin - #25 / 200,Gdizzle11,https://storage.googleapis.com/opensea-static/opensea-profile/13.png,themanz,https://storage.googleapis.com/opensea-static/opensea-profile/23.png,2021-04-02T21:14:16
manzcoin-nftz,successful,0.069,20800675,https://lh3.googleusercontent.com/AAmh6zd_glmKCZNNBqUfQySm0hfTQtHH63yTV1McKXFqtNkxcUkoTxXYwY_1obG39AjEm7WYtIauoqmDmcqNf0OWoXHkRPTA5JEn-w,https://lh3.googleusercontent.com/AAmh6zd_glmKCZNNBqUfQySm0hfTQtHH63yTV1McKXFqtNkxcUkoTxXYwY_1obG39AjEm7WYtIauoqmDmcqNf0OWoXHkRPTA5JEn-w=s250,https://lh3.googleusercontent.com/AAmh6zd_glmKCZNNBqUfQySm0hfTQtHH63yTV1McKXFqtNkxcUkoTxXYwY_1obG39AjEm7WYtIauoqmDmcqNf0OWoXHkRPTA5JEn-w=s128,Manzcoin - #37 / 200,sjackson15,https://storage.googleapis.com/opensea-static/opensea-profile/22.png,themanz,https://storage.googleapis.com/opensea-static/opensea-profile/23.png,2021-04-02T21:09:18
manzcoin-nftz,successful,0.069,20900370,https://lh3.googleusercontent.com/AAmh6zd_glmKCZNNBqUfQySm0hfTQtHH63yTV1McKXFqtNkxcUkoTxXYwY_1obG39AjEm7WYtIauoqmDmcqNf0OWoXHkRPTA5JEn-w,https://lh3.googleusercontent.com/AAmh6zd_glmKCZNNBqUfQySm0hfTQtHH63yTV1McKXFqtNkxcUkoTxXYwY_1obG39AjEm7WYtIauoqmDmcqNf0OWoXHkRPTA5JEn-w=s250,https://lh3.googleusercontent.com/AAmh6zd_glmKCZNNBqUfQySm0hfTQtHH63yTV1McKXFqtNkxcUkoTxXYwY_1obG39AjEm7WYtIauoqmDmcqNf0OWoXHkRPTA5JEn-w=s128,Manzcoin - #59 / 200,socrdave,https://storage.googleapis.com/opensea-static/opensea-profile/20.png,themanz,https://storage.googleapis.com/opensea-static/opensea-profile/23.png,2021-04-02T21:07:23
manzcoin-nftz,successful,0.069,20920225,https://lh3.googleusercontent.com/AAmh6zd_glmKCZNNBqUfQySm0hfTQtHH63yTV1McKXFqtNkxcUkoTxXYwY_1obG39AjEm7WYtIauoqmDmcqNf0OWoXHkRPTA5JEn-w,https://lh3.googleusercontent.com/AAmh6zd_glmKCZNNBqUfQySm0hfTQtHH63yTV1McKXFqtNkxcUkoTxXYwY_1obG39AjEm7WYtIauoqmDmcqNf0OWoXHkRPTA5JEn-w=s250,https://lh3.googleusercontent.com/AAmh6zd_glmKCZNNBqUfQySm0hfTQtHH63yTV1McKXFqtNkxcUkoTxXYwY_1obG39AjEm7WYtIauoqmDmcqNf0OWoXHkRPTA5JEn-w=s128,Manzcoin - #92 / 200,cmtdw,https://storage.googleapis.com/opensea-static/opensea-profile/27.png,themanz,https://storage.googleapis.com/opensea-static/opensea-profile/23.png,2021-04-02T21:02:36
manzcoin-nftz,successful,0.069,20740202,https://lh3.googleusercontent.com/AAmh6zd_glmKCZNNBqUfQySm0hfTQtHH63yTV1McKXFqtNkxcUkoTxXYwY_1obG39AjEm7WYtIauoqmDmcqNf0OWoXHkRPTA5JEn-w,https://lh3.googleusercontent.com/AAmh6zd_glmKCZNNBqUfQySm0hfTQtHH63yTV1McKXFqtNkxcUkoTxXYwY_1obG39AjEm7WYtIauoqmDmcqNf0OWoXHkRPTA5JEn-w=s250,https://lh3.googleusercontent.com/AAmh6zd_glmKCZNNBqUfQySm0hfTQtHH63yTV1McKXFqtNkxcUkoTxXYwY_1obG39AjEm7WYtIauoqmDmcqNf0OWoXHkRPTA5JEn-w=s128,Manzcoin - #15 / 200,JLSanchez,https://storage.googleapis.com/opensea-static/opensea-profile/6.png,themanz,https://storage.googleapis.com/opensea-static/opensea-profile/23.png,2021-04-02T20:59:31
manzcoin-nftz,successful,0.069,20743027,https://lh3.googleusercontent.com/AAmh6zd_glmKCZNNBqUfQySm0hfTQtHH63yTV1McKXFqtNkxcUkoTxXYwY_1obG39AjEm7WYtIauoqmDmcqNf0OWoXHkRPTA5JEn-w,https://lh3.googleusercontent.com/AAmh6zd_glmKCZNNBqUfQySm0hfTQtHH63yTV1McKXFqtNkxcUkoTxXYwY_1obG39AjEm7WYtIauoqmDmcqNf0OWoXHkRPTA5JEn-w=s250,https://lh3.googleusercontent.com/AAmh6zd_glmKCZNNBqUfQySm0hfTQtHH63yTV1McKXFqtNkxcUkoTxXYwY_1obG39AjEm7WYtIauoqmDmcqNf0OWoXHkRPTA5JEn-w=s128,Manzcoin - #21 / 200,Goomba,https://storage.googleapis.com/opensea-static/opensea-profile/31.png,themanz,https://storage.googleapis.com/opensea-static/opensea-profile/23.png,2021-04-02T20:54:16
manzcoin-nftz,successful,0.069,20801048,https://lh3.googleusercontent.com/AAmh6zd_glmKCZNNBqUfQySm0hfTQtHH63yTV1McKXFqtNkxcUkoTxXYwY_1obG39AjEm7WYtIauoqmDmcqNf0OWoXHkRPTA5JEn-w,https://lh3.googleusercontent.com/AAmh6zd_glmKCZNNBqUfQySm0hfTQtHH63yTV1McKXFqtNkxcUkoTxXYwY_1obG39AjEm7WYtIauoqmDmcqNf0OWoXHkRPTA5JEn-w=s250,https://lh3.googleusercontent.com/AAmh6zd_glmKCZNNBqUfQySm0hfTQtHH63yTV1McKXFqtNkxcUkoTxXYwY_1obG39AjEm7WYtIauoqmDmcqNf0OWoXHkRPTA5JEn-w=s128,Manzcoin - #50 / 200,Bucks,https://storage.googleapis.com/opensea-static/opensea-profile/15.png,themanz,https://storage.googleapis.com/opensea-static/opensea-profile/23.png,2021-04-02T20:50:46
manzcoin-nftz,successful,0.069,20740241,https://lh3.googleusercontent.com/AAmh6zd_glmKCZNNBqUfQySm0hfTQtHH63yTV1McKXFqtNkxcUkoTxXYwY_1obG39AjEm7WYtIauoqmDmcqNf0OWoXHkRPTA5JEn-w,https://lh3.googleusercontent.com/AAmh6zd_glmKCZNNBqUfQySm0hfTQtHH63yTV1McKXFqtNkxcUkoTxXYwY_1obG39AjEm7WYtIauoqmDmcqNf0OWoXHkRPTA5JEn-w=s250,https://lh3.googleusercontent.com/AAmh6zd_glmKCZNNBqUfQySm0hfTQtHH63yTV1McKXFqtNkxcUkoTxXYwY_1obG39AjEm7WYtIauoqmDmcqNf0OWoXHkRPTA5JEn-w=s128,Manzcoin - #20 / 200,Bucks,https://storage.googleapis.com/opensea-static/opensea-profile/15.png,themanz,https://storage.googleapis.com/opensea-static/opensea-profile/23.png,2021-04-02T20:47:09
manzcoin-nftz,successful,0.069,20900348,https://lh3.googleusercontent.com/AAmh6zd_glmKCZNNBqUfQySm0hfTQtHH63yTV1McKXFqtNkxcUkoTxXYwY_1obG39AjEm7WYtIauoqmDmcqNf0OWoXHkRPTA5JEn-w,https://lh3.googleusercontent.com/AAmh6zd_glmKCZNNBqUfQySm0hfTQtHH63yTV1McKXFqtNkxcUkoTxXYwY_1obG39AjEm7WYtIauoqmDmcqNf0OWoXHkRPTA5JEn-w=s250,https://lh3.googleusercontent.com/AAmh6zd_glmKCZNNBqUfQySm0hfTQtHH63yTV1McKXFqtNkxcUkoTxXYwY_1obG39AjEm7WYtIauoqmDmcqNf0OWoXHkRPTA5JEn-w=s128,Manzcoin - #55 / 200,Worm369,https://storage.googleapis.com/opensea-static/opensea-profile/33.png,themanz,https://storage.googleapis.com/opensea-static/opensea-profile/23.png,2021-04-02T20:45:04
manzcoin-nftz,successful,0.069,20740187,https://lh3.googleusercontent.com/AAmh6zd_glmKCZNNBqUfQySm0hfTQtHH63yTV1McKXFqtNkxcUkoTxXYwY_1obG39AjEm7WYtIauoqmDmcqNf0OWoXHkRPTA5JEn-w,https://lh3.googleusercontent.com/AAmh6zd_glmKCZNNBqUfQySm0hfTQtHH63yTV1McKXFqtNkxcUkoTxXYwY_1obG39AjEm7WYtIauoqmDmcqNf0OWoXHkRPTA5JEn-w=s250,https://lh3.googleusercontent.com/AAmh6zd_glmKCZNNBqUfQySm0hfTQtHH63yTV1McKXFqtNkxcUkoTxXYwY_1obG39AjEm7WYtIauoqmDmcqNf0OWoXHkRPTA5JEn-w=s128,Manzcoin - #12 / 200,PuckDrop,https://storage.googleapis.com/opensea-static/opensea-profile/32.png,themanz,https://storage.googleapis.com/opensea-static/opensea-profile/23.png,2021-04-02T20:38:55
manzcoin-nftz,successful,0.069,20948675,https://lh3.googleusercontent.com/AAmh6zd_glmKCZNNBqUfQySm0hfTQtHH63yTV1McKXFqtNkxcUkoTxXYwY_1obG39AjEm7WYtIauoqmDmcqNf0OWoXHkRPTA5JEn-w,https://lh3.googleusercontent.com/AAmh6zd_glmKCZNNBqUfQySm0hfTQtHH63yTV1McKXFqtNkxcUkoTxXYwY_1obG39AjEm7WYtIauoqmDmcqNf0OWoXHkRPTA5JEn-w=s250,https://lh3.googleusercontent.com/AAmh6zd_glmKCZNNBqUfQySm0hfTQtHH63yTV1McKXFqtNkxcUkoTxXYwY_1obG39AjEm7WYtIauoqmDmcqNf0OWoXHkRPTA5JEn-w=s128,Manzcoin - #122 / 200,loudogsports,https://storage.googleapis.com/opensea-static/opensea-profile/5.png,themanz,https://storage.googleapis.com/opensea-static/opensea-profile/23.png,2021-04-02T20:37:54
manzcoin-nftz,successful,0.069,20740223,https://lh3.googleusercontent.com/AAmh6zd_glmKCZNNBqUfQySm0hfTQtHH63yTV1McKXFqtNkxcUkoTxXYwY_1obG39AjEm7WYtIauoqmDmcqNf0OWoXHkRPTA5JEn-w,https://lh3.googleusercontent.com/AAmh6zd_glmKCZNNBqUfQySm0hfTQtHH63yTV1McKXFqtNkxcUkoTxXYwY_1obG39AjEm7WYtIauoqmDmcqNf0OWoXHkRPTA5JEn-w=s250,https://lh3.googleusercontent.com/AAmh6zd_glmKCZNNBqUfQySm0hfTQtHH63yTV1McKXFqtNkxcUkoTxXYwY_1obG39AjEm7WYtIauoqmDmcqNf0OWoXHkRPTA5JEn-w=s128,Manzcoin - #17 / 200,mbl267,https://storage.googleapis.com/opensea-static/opensea-profile/21.png,themanz,https://storage.googleapis.com/opensea-static/opensea-profile/23.png,2021-04-02T20:35:26
manzcoin-nftz,successful,0.069,20740181,https://lh3.googleusercontent.com/AAmh6zd_glmKCZNNBqUfQySm0hfTQtHH63yTV1McKXFqtNkxcUkoTxXYwY_1obG39AjEm7WYtIauoqmDmcqNf0OWoXHkRPTA5JEn-w,https://lh3.googleusercontent.com/AAmh6zd_glmKCZNNBqUfQySm0hfTQtHH63yTV1McKXFqtNkxcUkoTxXYwY_1obG39AjEm7WYtIauoqmDmcqNf0OWoXHkRPTA5JEn-w=s250,https://lh3.googleusercontent.com/AAmh6zd_glmKCZNNBqUfQySm0hfTQtHH63yTV1McKXFqtNkxcUkoTxXYwY_1obG39AjEm7WYtIauoqmDmcqNf0OWoXHkRPTA5JEn-w=s128,Manzcoin - #11 / 200,ShooterMcGrabbem,https://storage.googleapis.com/opensea-static/opensea-profile/24.png,themanz,https://storage.googleapis.com/opensea-static/opensea-profile/23.png,2021-04-02T20:35:08
manzcoin-nftz,successful,0.069,20948629,https://lh3.googleusercontent.com/AAmh6zd_glmKCZNNBqUfQySm0hfTQtHH63yTV1McKXFqtNkxcUkoTxXYwY_1obG39AjEm7WYtIauoqmDmcqNf0OWoXHkRPTA5JEn-w,https://lh3.googleusercontent.com/AAmh6zd_glmKCZNNBqUfQySm0hfTQtHH63yTV1McKXFqtNkxcUkoTxXYwY_1obG39AjEm7WYtIauoqmDmcqNf0OWoXHkRPTA5JEn-w=s250,https://lh3.googleusercontent.com/AAmh6zd_glmKCZNNBqUfQySm0hfTQtHH63yTV1McKXFqtNkxcUkoTxXYwY_1obG39AjEm7WYtIauoqmDmcqNf0OWoXHkRPTA5JEn-w=s128,Manzcoin - #115 / 200,loudogsports,https://storage.googleapis.com/opensea-static/opensea-profile/5.png,themanz,https://storage.googleapis.com/opensea-static/opensea-profile/23.png,2021-04-02T20:32:26
manzcoin-nftz,successful,0.069,20739187,https://lh3.googleusercontent.com/AAmh6zd_glmKCZNNBqUfQySm0hfTQtHH63yTV1McKXFqtNkxcUkoTxXYwY_1obG39AjEm7WYtIauoqmDmcqNf0OWoXHkRPTA5JEn-w,https://lh3.googleusercontent.com/AAmh6zd_glmKCZNNBqUfQySm0hfTQtHH63yTV1McKXFqtNkxcUkoTxXYwY_1obG39AjEm7WYtIauoqmDmcqNf0OWoXHkRPTA5JEn-w=s250,https://lh3.googleusercontent.com/AAmh6zd_glmKCZNNBqUfQySm0hfTQtHH63yTV1McKXFqtNkxcUkoTxXYwY_1obG39AjEm7WYtIauoqmDmcqNf0OWoXHkRPTA5JEn-w=s128,Manzcoin - #5 / 200,,https://storage.googleapis.com/opensea-static/opensea-profile/31.png,themanz,https://storage.googleapis.com/opensea-static/opensea-profile/23.png,2021-04-02T20:30:56
manzcoin-nftz,successful,0.069,20953343,https://lh3.googleusercontent.com/AAmh6zd_glmKCZNNBqUfQySm0hfTQtHH63yTV1McKXFqtNkxcUkoTxXYwY_1obG39AjEm7WYtIauoqmDmcqNf0OWoXHkRPTA5JEn-w,https://lh3.googleusercontent.com/AAmh6zd_glmKCZNNBqUfQySm0hfTQtHH63yTV1McKXFqtNkxcUkoTxXYwY_1obG39AjEm7WYtIauoqmDmcqNf0OWoXHkRPTA5JEn-w=s250,https://lh3.googleusercontent.com/AAmh6zd_glmKCZNNBqUfQySm0hfTQtHH63yTV1McKXFqtNkxcUkoTxXYwY_1obG39AjEm7WYtIauoqmDmcqNf0OWoXHkRPTA5JEn-w=s128,Manzcoin - #168 / 200,jpalzkill22,https://storage.googleapis.com/opensea-static/opensea-profile/6.png,themanz,https://storage.googleapis.com/opensea-static/opensea-profile/23.png,2021-04-02T20:30:56
manzcoin-nftz,successful,0.069,20920246,https://lh3.googleusercontent.com/AAmh6zd_glmKCZNNBqUfQySm0hfTQtHH63yTV1McKXFqtNkxcUkoTxXYwY_1obG39AjEm7WYtIauoqmDmcqNf0OWoXHkRPTA5JEn-w,https://lh3.googleusercontent.com/AAmh6zd_glmKCZNNBqUfQySm0hfTQtHH63yTV1McKXFqtNkxcUkoTxXYwY_1obG39AjEm7WYtIauoqmDmcqNf0OWoXHkRPTA5JEn-w=s250,https://lh3.googleusercontent.com/AAmh6zd_glmKCZNNBqUfQySm0hfTQtHH63yTV1McKXFqtNkxcUkoTxXYwY_1obG39AjEm7WYtIauoqmDmcqNf0OWoXHkRPTA5JEn-w=s128,Manzcoin - #94 / 200,RKFDblue,https://storage.googleapis.com/opensea-static/opensea-profile/19.png,themanz,https://storage.googleapis.com/opensea-static/opensea-profile/23.png,2021-04-02T20:29:45
manzcoin-nftz,successful,0.069,20949377,https://lh3.googleusercontent.com/AAmh6zd_glmKCZNNBqUfQySm0hfTQtHH63yTV1McKXFqtNkxcUkoTxXYwY_1obG39AjEm7WYtIauoqmDmcqNf0OWoXHkRPTA5JEn-w,https://lh3.googleusercontent.com/AAmh6zd_glmKCZNNBqUfQySm0hfTQtHH63yTV1McKXFqtNkxcUkoTxXYwY_1obG39AjEm7WYtIauoqmDmcqNf0OWoXHkRPTA5JEn-w=s250,https://lh3.googleusercontent.com/AAmh6zd_glmKCZNNBqUfQySm0hfTQtHH63yTV1McKXFqtNkxcUkoTxXYwY_1obG39AjEm7WYtIauoqmDmcqNf0OWoXHkRPTA5JEn-w=s128,Manzcoin - #138 / 200,jamiethetweeter,https://storage.googleapis.com/opensea-static/opensea-profile/33.png,themanz,https://storage.googleapis.com/opensea-static/opensea-profile/23.png,2021-04-02T20:29:19
manzcoin-nftz,successful,0.069,20800457,https://lh3.googleusercontent.com/AAmh6zd_glmKCZNNBqUfQySm0hfTQtHH63yTV1McKXFqtNkxcUkoTxXYwY_1obG39AjEm7WYtIauoqmDmcqNf0OWoXHkRPTA5JEn-w,https://lh3.googleusercontent.com/AAmh6zd_glmKCZNNBqUfQySm0hfTQtHH63yTV1McKXFqtNkxcUkoTxXYwY_1obG39AjEm7WYtIauoqmDmcqNf0OWoXHkRPTA5JEn-w=s250,https://lh3.googleusercontent.com/AAmh6zd_glmKCZNNBqUfQySm0hfTQtHH63yTV1McKXFqtNkxcUkoTxXYwY_1obG39AjEm7WYtIauoqmDmcqNf0OWoXHkRPTA5JEn-w=s128,Manzcoin - #32 / 200,socrdave,https://storage.googleapis.com/opensea-static/opensea-profile/20.png,themanz,https://storage.googleapis.com/opensea-static/opensea-profile/23.png,2021-04-02T20:29:19
manzcoin-nftz,successful,0.069,20920143,https://lh3.googleusercontent.com/AAmh6zd_glmKCZNNBqUfQySm0hfTQtHH63yTV1McKXFqtNkxcUkoTxXYwY_1obG39AjEm7WYtIauoqmDmcqNf0OWoXHkRPTA5JEn-w,https://lh3.googleusercontent.com/AAmh6zd_glmKCZNNBqUfQySm0hfTQtHH63yTV1McKXFqtNkxcUkoTxXYwY_1obG39AjEm7WYtIauoqmDmcqNf0OWoXHkRPTA5JEn-w=s250,https://lh3.googleusercontent.com/AAmh6zd_glmKCZNNBqUfQySm0hfTQtHH63yTV1McKXFqtNkxcUkoTxXYwY_1obG39AjEm7WYtIauoqmDmcqNf0OWoXHkRPTA5JEn-w=s128,Manzcoin - #89 / 200,Carlini8,https://storage.googleapis.com/opensea-static/opensea-profile/30.png,themanz,https://storage.googleapis.com/opensea-static/opensea-profile/23.png,2021-04-02T20:28:48
manzcoin-nftz,successful,0.069,20920296,https://lh3.googleusercontent.com/AAmh6zd_glmKCZNNBqUfQySm0hfTQtHH63yTV1McKXFqtNkxcUkoTxXYwY_1obG39AjEm7WYtIauoqmDmcqNf0OWoXHkRPTA5JEn-w,https://lh3.googleusercontent.com/AAmh6zd_glmKCZNNBqUfQySm0hfTQtHH63yTV1McKXFqtNkxcUkoTxXYwY_1obG39AjEm7WYtIauoqmDmcqNf0OWoXHkRPTA5JEn-w=s250,https://lh3.googleusercontent.com/AAmh6zd_glmKCZNNBqUfQySm0hfTQtHH63yTV1McKXFqtNkxcUkoTxXYwY_1obG39AjEm7WYtIauoqmDmcqNf0OWoXHkRPTA5JEn-w=s128,Manzcoin - #99 / 200,Minegung,https://storage.googleapis.com/opensea-static/opensea-profile/14.png,themanz,https://storage.googleapis.com/opensea-static/opensea-profile/23.png,2021-04-02T20:27:40
manzcoin-nftz,successful,0.069,20739208,https://lh3.googleusercontent.com/AAmh6zd_glmKCZNNBqUfQySm0hfTQtHH63yTV1McKXFqtNkxcUkoTxXYwY_1obG39AjEm7WYtIauoqmDmcqNf0OWoXHkRPTA5JEn-w,https://lh3.googleusercontent.com/AAmh6zd_glmKCZNNBqUfQySm0hfTQtHH63yTV1McKXFqtNkxcUkoTxXYwY_1obG39AjEm7WYtIauoqmDmcqNf0OWoXHkRPTA5JEn-w=s250,https://lh3.googleusercontent.com/AAmh6zd_glmKCZNNBqUfQySm0hfTQtHH63yTV1McKXFqtNkxcUkoTxXYwY_1obG39AjEm7WYtIauoqmDmcqNf0OWoXHkRPTA5JEn-w=s128,Manzcoin - #9 / 200,sebastianhuffle,https://storage.googleapis.com/opensea-static/opensea-profile/13.png,themanz,https://storage.googleapis.com/opensea-static/opensea-profile/23.png,2021-04-02T20:27:40
manzcoin-nftz,successful,0.069,20953303,https://lh3.googleusercontent.com/AAmh6zd_glmKCZNNBqUfQySm0hfTQtHH63yTV1McKXFqtNkxcUkoTxXYwY_1obG39AjEm7WYtIauoqmDmcqNf0OWoXHkRPTA5JEn-w,https://lh3.googleusercontent.com/AAmh6zd_glmKCZNNBqUfQySm0hfTQtHH63yTV1McKXFqtNkxcUkoTxXYwY_1obG39AjEm7WYtIauoqmDmcqNf0OWoXHkRPTA5JEn-w=s250,https://lh3.googleusercontent.com/AAmh6zd_glmKCZNNBqUfQySm0hfTQtHH63yTV1McKXFqtNkxcUkoTxXYwY_1obG39AjEm7WYtIauoqmDmcqNf0OWoXHkRPTA5JEn-w=s128,Manzcoin - #161 / 200,,https://storage.googleapis.com/opensea-static/opensea-profile/31.png,themanz,https://storage.googleapis.com/opensea-static/opensea-profile/23.png,2021-04-02T20:26:44
manzcoin-nftz,successful,0.069,20739173,https://lh3.googleusercontent.com/AAmh6zd_glmKCZNNBqUfQySm0hfTQtHH63yTV1McKXFqtNkxcUkoTxXYwY_1obG39AjEm7WYtIauoqmDmcqNf0OWoXHkRPTA5JEn-w,https://lh3.googleusercontent.com/AAmh6zd_glmKCZNNBqUfQySm0hfTQtHH63yTV1McKXFqtNkxcUkoTxXYwY_1obG39AjEm7WYtIauoqmDmcqNf0OWoXHkRPTA5JEn-w=s250,https://lh3.googleusercontent.com/AAmh6zd_glmKCZNNBqUfQySm0hfTQtHH63yTV1McKXFqtNkxcUkoTxXYwY_1obG39AjEm7WYtIauoqmDmcqNf0OWoXHkRPTA5JEn-w=s128,Manzcoin - #3 / 200,,https://storage.googleapis.com/opensea-static/opensea-profile/28.png,themanz,https://storage.googleapis.com/opensea-static/opensea-profile/23.png,2021-04-02T20:26:44
manzcoin-nftz,successful,0.069,20739202,https://lh3.googleusercontent.com/AAmh6zd_glmKCZNNBqUfQySm0hfTQtHH63yTV1McKXFqtNkxcUkoTxXYwY_1obG39AjEm7WYtIauoqmDmcqNf0OWoXHkRPTA5JEn-w,https://lh3.googleusercontent.com/AAmh6zd_glmKCZNNBqUfQySm0hfTQtHH63yTV1McKXFqtNkxcUkoTxXYwY_1obG39AjEm7WYtIauoqmDmcqNf0OWoXHkRPTA5JEn-w=s250,https://lh3.googleusercontent.com/AAmh6zd_glmKCZNNBqUfQySm0hfTQtHH63yTV1McKXFqtNkxcUkoTxXYwY_1obG39AjEm7WYtIauoqmDmcqNf0OWoXHkRPTA5JEn-w=s128,Manzcoin - #8 / 200,gsd4,https://storage.googleapis.com/opensea-static/opensea-profile/18.png,themanz,https://storage.googleapis.com/opensea-static/opensea-profile/23.png,2021-04-02T20:24:56
manzcoin-nftz,successful,0.069,20920032,https://lh3.googleusercontent.com/AAmh6zd_glmKCZNNBqUfQySm0hfTQtHH63yTV1McKXFqtNkxcUkoTxXYwY_1obG39AjEm7WYtIauoqmDmcqNf0OWoXHkRPTA5JEn-w,https://lh3.googleusercontent.com/AAmh6zd_glmKCZNNBqUfQySm0hfTQtHH63yTV1McKXFqtNkxcUkoTxXYwY_1obG39AjEm7WYtIauoqmDmcqNf0OWoXHkRPTA5JEn-w=s250,https://lh3.googleusercontent.com/AAmh6zd_glmKCZNNBqUfQySm0hfTQtHH63yTV1McKXFqtNkxcUkoTxXYwY_1obG39AjEm7WYtIauoqmDmcqNf0OWoXHkRPTA5JEn-w=s128,Manzcoin - #84 / 200,str8cash4omie,https://storage.googleapis.com/opensea-static/opensea-profile/4.png,themanz,https://storage.googleapis.com/opensea-static/opensea-profile/23.png,2021-04-02T20:24:56
manzcoin-nftz,successful,0.069,20800971,https://lh3.googleusercontent.com/AAmh6zd_glmKCZNNBqUfQySm0hfTQtHH63yTV1McKXFqtNkxcUkoTxXYwY_1obG39AjEm7WYtIauoqmDmcqNf0OWoXHkRPTA5JEn-w,https://lh3.googleusercontent.com/AAmh6zd_glmKCZNNBqUfQySm0hfTQtHH63yTV1McKXFqtNkxcUkoTxXYwY_1obG39AjEm7WYtIauoqmDmcqNf0OWoXHkRPTA5JEn-w=s250,https://lh3.googleusercontent.com/AAmh6zd_glmKCZNNBqUfQySm0hfTQtHH63yTV1McKXFqtNkxcUkoTxXYwY_1obG39AjEm7WYtIauoqmDmcqNf0OWoXHkRPTA5JEn-w=s128,Manzcoin - #42 / 200,,https://storage.googleapis.com/opensea-static/opensea-profile/28.png,themanz,https://storage.googleapis.com/opensea-static/opensea-profile/23.png,2021-04-02T20:24:43
manzcoin-nftz,successful,0.069,20948598,https://lh3.googleusercontent.com/AAmh6zd_glmKCZNNBqUfQySm0hfTQtHH63yTV1McKXFqtNkxcUkoTxXYwY_1obG39AjEm7WYtIauoqmDmcqNf0OWoXHkRPTA5JEn-w,https://lh3.googleusercontent.com/AAmh6zd_glmKCZNNBqUfQySm0hfTQtHH63yTV1McKXFqtNkxcUkoTxXYwY_1obG39AjEm7WYtIauoqmDmcqNf0OWoXHkRPTA5JEn-w=s250,https://lh3.googleusercontent.com/AAmh6zd_glmKCZNNBqUfQySm0hfTQtHH63yTV1McKXFqtNkxcUkoTxXYwY_1obG39AjEm7WYtIauoqmDmcqNf0OWoXHkRPTA5JEn-w=s128,Manzcoin - #111 / 200,Tt_ot,https://storage.googleapis.com/opensea-static/opensea-profile/29.png,themanz,https://storage.googleapis.com/opensea-static/opensea-profile/23.png,2021-04-02T20:23:39
manzcoin-nftz,successful,0.069,20743135,https://lh3.googleusercontent.com/AAmh6zd_glmKCZNNBqUfQySm0hfTQtHH63yTV1McKXFqtNkxcUkoTxXYwY_1obG39AjEm7WYtIauoqmDmcqNf0OWoXHkRPTA5JEn-w,https://lh3.googleusercontent.com/AAmh6zd_glmKCZNNBqUfQySm0hfTQtHH63yTV1McKXFqtNkxcUkoTxXYwY_1obG39AjEm7WYtIauoqmDmcqNf0OWoXHkRPTA5JEn-w=s250,https://lh3.googleusercontent.com/AAmh6zd_glmKCZNNBqUfQySm0hfTQtHH63yTV1McKXFqtNkxcUkoTxXYwY_1obG39AjEm7WYtIauoqmDmcqNf0OWoXHkRPTA5JEn-w=s128,Manzcoin - #28 / 200,loudogsports,https://storage.googleapis.com/opensea-static/opensea-profile/5.png,themanz,https://storage.googleapis.com/opensea-static/opensea-profile/23.png,2021-04-02T20:23:08
manzcoin-nftz,successful,0.069,20743036,https://lh3.googleusercontent.com/AAmh6zd_glmKCZNNBqUfQySm0hfTQtHH63yTV1McKXFqtNkxcUkoTxXYwY_1obG39AjEm7WYtIauoqmDmcqNf0OWoXHkRPTA5JEn-w,https://lh3.googleusercontent.com/AAmh6zd_glmKCZNNBqUfQySm0hfTQtHH63yTV1McKXFqtNkxcUkoTxXYwY_1obG39AjEm7WYtIauoqmDmcqNf0OWoXHkRPTA5JEn-w=s250,https://lh3.googleusercontent.com/AAmh6zd_glmKCZNNBqUfQySm0hfTQtHH63yTV1McKXFqtNkxcUkoTxXYwY_1obG39AjEm7WYtIauoqmDmcqNf0OWoXHkRPTA5JEn-w=s128,Manzcoin - #22 / 200,Dunkin_Gonuts,https://storage.googleapis.com/opensea-static/opensea-profile/11.png,themanz,https://storage.googleapis.com/opensea-static/opensea-profile/23.png,2021-04-02T20:23:08
manzcoin-nftz,successful,0.069,20739193,https://lh3.googleusercontent.com/AAmh6zd_glmKCZNNBqUfQySm0hfTQtHH63yTV1McKXFqtNkxcUkoTxXYwY_1obG39AjEm7WYtIauoqmDmcqNf0OWoXHkRPTA5JEn-w,https://lh3.googleusercontent.com/AAmh6zd_glmKCZNNBqUfQySm0hfTQtHH63yTV1McKXFqtNkxcUkoTxXYwY_1obG39AjEm7WYtIauoqmDmcqNf0OWoXHkRPTA5JEn-w=s250,https://lh3.googleusercontent.com/AAmh6zd_glmKCZNNBqUfQySm0hfTQtHH63yTV1McKXFqtNkxcUkoTxXYwY_1obG39AjEm7WYtIauoqmDmcqNf0OWoXHkRPTA5JEn-w=s128,Manzcoin - #6 / 200,CowboyCowboyCowboy,https://storage.googleapis.com/opensea-static/opensea-profile/15.png,themanz,https://storage.googleapis.com/opensea-static/opensea-profile/23.png,2021-04-02T20:23:08
manzcoin-nftz,successful,0.069,20900330,https://lh3.googleusercontent.com/AAmh6zd_glmKCZNNBqUfQySm0hfTQtHH63yTV1McKXFqtNkxcUkoTxXYwY_1obG39AjEm7WYtIauoqmDmcqNf0OWoXHkRPTA5JEn-w,https://lh3.googleusercontent.com/AAmh6zd_glmKCZNNBqUfQySm0hfTQtHH63yTV1McKXFqtNkxcUkoTxXYwY_1obG39AjEm7WYtIauoqmDmcqNf0OWoXHkRPTA5JEn-w=s250,https://lh3.googleusercontent.com/AAmh6zd_glmKCZNNBqUfQySm0hfTQtHH63yTV1McKXFqtNkxcUkoTxXYwY_1obG39AjEm7WYtIauoqmDmcqNf0OWoXHkRPTA5JEn-w=s128,Manzcoin - #53 / 200,BFitzer,https://storage.googleapis.com/opensea-static/opensea-profile/5.png,themanz,https://storage.googleapis.com/opensea-static/opensea-profile/23.png,2021-04-02T20:22:15
manzcoin-nftz,successful,0.069,20800619,https://lh3.googleusercontent.com/AAmh6zd_glmKCZNNBqUfQySm0hfTQtHH63yTV1McKXFqtNkxcUkoTxXYwY_1obG39AjEm7WYtIauoqmDmcqNf0OWoXHkRPTA5JEn-w,https://lh3.googleusercontent.com/AAmh6zd_glmKCZNNBqUfQySm0hfTQtHH63yTV1McKXFqtNkxcUkoTxXYwY_1obG39AjEm7WYtIauoqmDmcqNf0OWoXHkRPTA5JEn-w=s250,https://lh3.googleusercontent.com/AAmh6zd_glmKCZNNBqUfQySm0hfTQtHH63yTV1McKXFqtNkxcUkoTxXYwY_1obG39AjEm7WYtIauoqmDmcqNf0OWoXHkRPTA5JEn-w=s128,Manzcoin - #33 / 200,,https://storage.googleapis.com/opensea-static/opensea-profile/6.png,themanz,https://storage.googleapis.com/opensea-static/opensea-profile/23.png,2021-04-02T20:22:15
manzcoin-nftz,successful,0.069,20740192,https://lh3.googleusercontent.com/AAmh6zd_glmKCZNNBqUfQySm0hfTQtHH63yTV1McKXFqtNkxcUkoTxXYwY_1obG39AjEm7WYtIauoqmDmcqNf0OWoXHkRPTA5JEn-w,https://lh3.googleusercontent.com/AAmh6zd_glmKCZNNBqUfQySm0hfTQtHH63yTV1McKXFqtNkxcUkoTxXYwY_1obG39AjEm7WYtIauoqmDmcqNf0OWoXHkRPTA5JEn-w=s250,https://lh3.googleusercontent.com/AAmh6zd_glmKCZNNBqUfQySm0hfTQtHH63yTV1McKXFqtNkxcUkoTxXYwY_1obG39AjEm7WYtIauoqmDmcqNf0OWoXHkRPTA5JEn-w=s128,Manzcoin - #13 / 200,Late2Game331,https://storage.googleapis.com/opensea-static/opensea-profile/30.png,themanz,https://storage.googleapis.com/opensea-static/opensea-profile/23.png,2021-04-02T20:22:15
manzcoin-nftz,successful,0.069,20900441,https://lh3.googleusercontent.com/AAmh6zd_glmKCZNNBqUfQySm0hfTQtHH63yTV1McKXFqtNkxcUkoTxXYwY_1obG39AjEm7WYtIauoqmDmcqNf0OWoXHkRPTA5JEn-w,https://lh3.googleusercontent.com/AAmh6zd_glmKCZNNBqUfQySm0hfTQtHH63yTV1McKXFqtNkxcUkoTxXYwY_1obG39AjEm7WYtIauoqmDmcqNf0OWoXHkRPTA5JEn-w=s250,https://lh3.googleusercontent.com/AAmh6zd_glmKCZNNBqUfQySm0hfTQtHH63yTV1McKXFqtNkxcUkoTxXYwY_1obG39AjEm7WYtIauoqmDmcqNf0OWoXHkRPTA5JEn-w=s128,Manzcoin - #66 / 200,loudogsports,https://storage.googleapis.com/opensea-static/opensea-profile/5.png,themanz,https://storage.googleapis.com/opensea-static/opensea-profile/23.png,2021-04-02T20:22:06
manzcoin-nftz,successful,0.069,20920102,https://lh3.googleusercontent.com/AAmh6zd_glmKCZNNBqUfQySm0hfTQtHH63yTV1McKXFqtNkxcUkoTxXYwY_1obG39AjEm7WYtIauoqmDmcqNf0OWoXHkRPTA5JEn-w,https://lh3.googleusercontent.com/AAmh6zd_glmKCZNNBqUfQySm0hfTQtHH63yTV1McKXFqtNkxcUkoTxXYwY_1obG39AjEm7WYtIauoqmDmcqNf0OWoXHkRPTA5JEn-w=s250,https://lh3.googleusercontent.com/AAmh6zd_glmKCZNNBqUfQySm0hfTQtHH63yTV1McKXFqtNkxcUkoTxXYwY_1obG39AjEm7WYtIauoqmDmcqNf0OWoXHkRPTA5JEn-w=s128,Manzcoin - #88 / 200,socrdave,https://storage.googleapis.com/opensea-static/opensea-profile/20.png,themanz,https://storage.googleapis.com/opensea-static/opensea-profile/23.png,2021-04-02T20:21:47
manzcoin-nftz,successful,0.069,20920271,https://lh3.googleusercontent.com/AAmh6zd_glmKCZNNBqUfQySm0hfTQtHH63yTV1McKXFqtNkxcUkoTxXYwY_1obG39AjEm7WYtIauoqmDmcqNf0OWoXHkRPTA5JEn-w,https://lh3.googleusercontent.com/AAmh6zd_glmKCZNNBqUfQySm0hfTQtHH63yTV1McKXFqtNkxcUkoTxXYwY_1obG39AjEm7WYtIauoqmDmcqNf0OWoXHkRPTA5JEn-w=s250,https://lh3.googleusercontent.com/AAmh6zd_glmKCZNNBqUfQySm0hfTQtHH63yTV1McKXFqtNkxcUkoTxXYwY_1obG39AjEm7WYtIauoqmDmcqNf0OWoXHkRPTA5JEn-w=s128,Manzcoin - #96 / 200,ebelair,https://storage.googleapis.com/opensea-static/opensea-profile/4.png,themanz,https://storage.googleapis.com/opensea-static/opensea-profile/23.png,2021-04-02T20:21:47
manzcoin-nftz,successful,0.069,20800638,https://lh3.googleusercontent.com/AAmh6zd_glmKCZNNBqUfQySm0hfTQtHH63yTV1McKXFqtNkxcUkoTxXYwY_1obG39AjEm7WYtIauoqmDmcqNf0OWoXHkRPTA5JEn-w,https://lh3.googleusercontent.com/AAmh6zd_glmKCZNNBqUfQySm0hfTQtHH63yTV1McKXFqtNkxcUkoTxXYwY_1obG39AjEm7WYtIauoqmDmcqNf0OWoXHkRPTA5JEn-w=s250,https://lh3.googleusercontent.com/AAmh6zd_glmKCZNNBqUfQySm0hfTQtHH63yTV1McKXFqtNkxcUkoTxXYwY_1obG39AjEm7WYtIauoqmDmcqNf0OWoXHkRPTA5JEn-w=s128,Manzcoin - #34 / 200,khay86,https://storage.googleapis.com/opensea-static/opensea-profile/19.png,themanz,https://storage.googleapis.com/opensea-static/opensea-profile/23.png,2021-04-02T20:21:10
manzcoin-nftz,successful,0.069,20739195,https://lh3.googleusercontent.com/AAmh6zd_glmKCZNNBqUfQySm0hfTQtHH63yTV1McKXFqtNkxcUkoTxXYwY_1obG39AjEm7WYtIauoqmDmcqNf0OWoXHkRPTA5JEn-w,https://lh3.googleusercontent.com/AAmh6zd_glmKCZNNBqUfQySm0hfTQtHH63yTV1McKXFqtNkxcUkoTxXYwY_1obG39AjEm7WYtIauoqmDmcqNf0OWoXHkRPTA5JEn-w=s250,https://lh3.googleusercontent.com/AAmh6zd_glmKCZNNBqUfQySm0hfTQtHH63yTV1McKXFqtNkxcUkoTxXYwY_1obG39AjEm7WYtIauoqmDmcqNf0OWoXHkRPTA5JEn-w=s128,Manzcoin - #7 / 200,Spotted,https://storage.googleapis.com/opensea-static/opensea-profile/30.png,themanz,https://storage.googleapis.com/opensea-static/opensea-profile/23.png,2021-04-02T20:21:10
manzcoin-nftz,successful,0.069,20800690,https://lh3.googleusercontent.com/AAmh6zd_glmKCZNNBqUfQySm0hfTQtHH63yTV1McKXFqtNkxcUkoTxXYwY_1obG39AjEm7WYtIauoqmDmcqNf0OWoXHkRPTA5JEn-w,https://lh3.googleusercontent.com/AAmh6zd_glmKCZNNBqUfQySm0hfTQtHH63yTV1McKXFqtNkxcUkoTxXYwY_1obG39AjEm7WYtIauoqmDmcqNf0OWoXHkRPTA5JEn-w=s250,https://lh3.googleusercontent.com/AAmh6zd_glmKCZNNBqUfQySm0hfTQtHH63yTV1McKXFqtNkxcUkoTxXYwY_1obG39AjEm7WYtIauoqmDmcqNf0OWoXHkRPTA5JEn-w=s128,Manzcoin - #38 / 200,ODUGRAD11,https://storage.googleapis.com/opensea-static/opensea-profile/1.png,themanz,https://storage.googleapis.com/opensea-static/opensea-profile/23.png,2021-04-02T20:20:49
manzcoin-nftz,successful,0.069,20739164,https://lh3.googleusercontent.com/AAmh6zd_glmKCZNNBqUfQySm0hfTQtHH63yTV1McKXFqtNkxcUkoTxXYwY_1obG39AjEm7WYtIauoqmDmcqNf0OWoXHkRPTA5JEn-w,https://lh3.googleusercontent.com/AAmh6zd_glmKCZNNBqUfQySm0hfTQtHH63yTV1McKXFqtNkxcUkoTxXYwY_1obG39AjEm7WYtIauoqmDmcqNf0OWoXHkRPTA5JEn-w=s250,https://lh3.googleusercontent.com/AAmh6zd_glmKCZNNBqUfQySm0hfTQtHH63yTV1McKXFqtNkxcUkoTxXYwY_1obG39AjEm7WYtIauoqmDmcqNf0OWoXHkRPTA5JEn-w=s128,Manzcoin - #2 / 200,AlkalineDale,https://storage.googleapis.com/opensea-static/opensea-profile/24.png,themanz,https://storage.googleapis.com/opensea-static/opensea-profile/23.png,2021-04-02T20:20:49
manzcoin-nftz,successful,0.069,20743097,https://lh3.googleusercontent.com/AAmh6zd_glmKCZNNBqUfQySm0hfTQtHH63yTV1McKXFqtNkxcUkoTxXYwY_1obG39AjEm7WYtIauoqmDmcqNf0OWoXHkRPTA5JEn-w,https://lh3.googleusercontent.com/AAmh6zd_glmKCZNNBqUfQySm0hfTQtHH63yTV1McKXFqtNkxcUkoTxXYwY_1obG39AjEm7WYtIauoqmDmcqNf0OWoXHkRPTA5JEn-w=s250,https://lh3.googleusercontent.com/AAmh6zd_glmKCZNNBqUfQySm0hfTQtHH63yTV1McKXFqtNkxcUkoTxXYwY_1obG39AjEm7WYtIauoqmDmcqNf0OWoXHkRPTA5JEn-w=s128,Manzcoin - #24 / 200,WenPony,https://storage.googleapis.com/opensea-static/opensea-profile/29.png,themanz,https://storage.googleapis.com/opensea-static/opensea-profile/23.png,2021-04-02T20:20:49
manzcoin-nftz,successful,0.069,20919705,https://lh3.googleusercontent.com/AAmh6zd_glmKCZNNBqUfQySm0hfTQtHH63yTV1McKXFqtNkxcUkoTxXYwY_1obG39AjEm7WYtIauoqmDmcqNf0OWoXHkRPTA5JEn-w,https://lh3.googleusercontent.com/AAmh6zd_glmKCZNNBqUfQySm0hfTQtHH63yTV1McKXFqtNkxcUkoTxXYwY_1obG39AjEm7WYtIauoqmDmcqNf0OWoXHkRPTA5JEn-w=s250,https://lh3.googleusercontent.com/AAmh6zd_glmKCZNNBqUfQySm0hfTQtHH63yTV1McKXFqtNkxcUkoTxXYwY_1obG39AjEm7WYtIauoqmDmcqNf0OWoXHkRPTA5JEn-w=s128,Manzcoin - #77 / 200,Spotted,https://storage.googleapis.com/opensea-static/opensea-profile/30.png,themanz,https://storage.googleapis.com/opensea-static/opensea-profile/23.png,2021-04-02T20:20:49
manzcoin-nftz,successful,0.069,20953543,https://lh3.googleusercontent.com/AAmh6zd_glmKCZNNBqUfQySm0hfTQtHH63yTV1McKXFqtNkxcUkoTxXYwY_1obG39AjEm7WYtIauoqmDmcqNf0OWoXHkRPTA5JEn-w,https://lh3.googleusercontent.com/AAmh6zd_glmKCZNNBqUfQySm0hfTQtHH63yTV1McKXFqtNkxcUkoTxXYwY_1obG39AjEm7WYtIauoqmDmcqNf0OWoXHkRPTA5JEn-w=s250,https://lh3.googleusercontent.com/AAmh6zd_glmKCZNNBqUfQySm0hfTQtHH63yTV1McKXFqtNkxcUkoTxXYwY_1obG39AjEm7WYtIauoqmDmcqNf0OWoXHkRPTA5JEn-w=s128,Manzcoin - #200 / 200,Carlini8,https://storage.googleapis.com/opensea-static/opensea-profile/30.png,themanz,https://storage.googleapis.com/opensea-static/opensea-profile/23.png,2021-04-02T20:20:34
manzcoin-nftz,successful,0.069,20920093,https://lh3.googleusercontent.com/AAmh6zd_glmKCZNNBqUfQySm0hfTQtHH63yTV1McKXFqtNkxcUkoTxXYwY_1obG39AjEm7WYtIauoqmDmcqNf0OWoXHkRPTA5JEn-w,https://lh3.googleusercontent.com/AAmh6zd_glmKCZNNBqUfQySm0hfTQtHH63yTV1McKXFqtNkxcUkoTxXYwY_1obG39AjEm7WYtIauoqmDmcqNf0OWoXHkRPTA5JEn-w=s250,https://lh3.googleusercontent.com/AAmh6zd_glmKCZNNBqUfQySm0hfTQtHH63yTV1McKXFqtNkxcUkoTxXYwY_1obG39AjEm7WYtIauoqmDmcqNf0OWoXHkRPTA5JEn-w=s128,Manzcoin - #87 / 200,Iowahusker,https://storage.googleapis.com/opensea-static/opensea-profile/29.png,themanz,https://storage.googleapis.com/opensea-static/opensea-profile/23.png,2021-04-02T20:20:34
manzcoin-nftz,successful,0.069,20739179,https://lh3.googleusercontent.com/AAmh6zd_glmKCZNNBqUfQySm0hfTQtHH63yTV1McKXFqtNkxcUkoTxXYwY_1obG39AjEm7WYtIauoqmDmcqNf0OWoXHkRPTA5JEn-w,https://lh3.googleusercontent.com/AAmh6zd_glmKCZNNBqUfQySm0hfTQtHH63yTV1McKXFqtNkxcUkoTxXYwY_1obG39AjEm7WYtIauoqmDmcqNf0OWoXHkRPTA5JEn-w=s250,https://lh3.googleusercontent.com/AAmh6zd_glmKCZNNBqUfQySm0hfTQtHH63yTV1McKXFqtNkxcUkoTxXYwY_1obG39AjEm7WYtIauoqmDmcqNf0OWoXHkRPTA5JEn-w=s128,Manzcoin - #4 / 200,Marcus124,https://storage.googleapis.com/opensea-static/opensea-profile/12.png,themanz,https://storage.googleapis.com/opensea-static/opensea-profile/23.png,2021-04-02T20:20:25
manzcoin-nftz,successful,0.069,20743051,https://lh3.googleusercontent.com/AAmh6zd_glmKCZNNBqUfQySm0hfTQtHH63yTV1McKXFqtNkxcUkoTxXYwY_1obG39AjEm7WYtIauoqmDmcqNf0OWoXHkRPTA5JEn-w,https://lh3.googleusercontent.com/AAmh6zd_glmKCZNNBqUfQySm0hfTQtHH63yTV1McKXFqtNkxcUkoTxXYwY_1obG39AjEm7WYtIauoqmDmcqNf0OWoXHkRPTA5JEn-w=s250,https://lh3.googleusercontent.com/AAmh6zd_glmKCZNNBqUfQySm0hfTQtHH63yTV1McKXFqtNkxcUkoTxXYwY_1obG39AjEm7WYtIauoqmDmcqNf0OWoXHkRPTA5JEn-w=s128,Manzcoin - #23 / 200,GameTheoryBro,https://storage.googleapis.com/opensea-static/opensea-profile/7.png,themanz,https://storage.googleapis.com/opensea-static/opensea-profile/23.png,2021-04-02T20:20:25
manzcoin-nftz,successful,0.069,20920313,https://lh3.googleusercontent.com/AAmh6zd_glmKCZNNBqUfQySm0hfTQtHH63yTV1McKXFqtNkxcUkoTxXYwY_1obG39AjEm7WYtIauoqmDmcqNf0OWoXHkRPTA5JEn-w,https://lh3.googleusercontent.com/AAmh6zd_glmKCZNNBqUfQySm0hfTQtHH63yTV1McKXFqtNkxcUkoTxXYwY_1obG39AjEm7WYtIauoqmDmcqNf0OWoXHkRPTA5JEn-w=s250,https://lh3.googleusercontent.com/AAmh6zd_glmKCZNNBqUfQySm0hfTQtHH63yTV1McKXFqtNkxcUkoTxXYwY_1obG39AjEm7WYtIauoqmDmcqNf0OWoXHkRPTA5JEn-w=s128,Manzcoin - #100 / 200,SkyHook,https://storage.googleapis.com/opensea-static/opensea-profile/18.png,themanz,https://storage.googleapis.com/opensea-static/opensea-profile/23.png,2021-04-02T20:20:25
manzcoin-nftz,successful,0.069,20800993,https://lh3.googleusercontent.com/AAmh6zd_glmKCZNNBqUfQySm0hfTQtHH63yTV1McKXFqtNkxcUkoTxXYwY_1obG39AjEm7WYtIauoqmDmcqNf0OWoXHkRPTA5JEn-w,https://lh3.googleusercontent.com/AAmh6zd_glmKCZNNBqUfQySm0hfTQtHH63yTV1McKXFqtNkxcUkoTxXYwY_1obG39AjEm7WYtIauoqmDmcqNf0OWoXHkRPTA5JEn-w=s250,https://lh3.googleusercontent.com/AAmh6zd_glmKCZNNBqUfQySm0hfTQtHH63yTV1McKXFqtNkxcUkoTxXYwY_1obG39AjEm7WYtIauoqmDmcqNf0OWoXHkRPTA5JEn-w=s128,Manzcoin - #44 / 200,Crusadin,https://storage.googleapis.com/opensea-static/opensea-profile/10.png,themanz,https://storage.googleapis.com/opensea-static/opensea-profile/23.png,2021-04-02T20:20:25
manzcoin-nftz,successful,0.069,20948518,https://lh3.googleusercontent.com/AAmh6zd_glmKCZNNBqUfQySm0hfTQtHH63yTV1McKXFqtNkxcUkoTxXYwY_1obG39AjEm7WYtIauoqmDmcqNf0OWoXHkRPTA5JEn-w,https://lh3.googleusercontent.com/AAmh6zd_glmKCZNNBqUfQySm0hfTQtHH63yTV1McKXFqtNkxcUkoTxXYwY_1obG39AjEm7WYtIauoqmDmcqNf0OWoXHkRPTA5JEn-w=s250,https://lh3.googleusercontent.com/AAmh6zd_glmKCZNNBqUfQySm0hfTQtHH63yTV1McKXFqtNkxcUkoTxXYwY_1obG39AjEm7WYtIauoqmDmcqNf0OWoXHkRPTA5JEn-w=s128,Manzcoin - #101 / 200,irblack,https://storage.googleapis.com/opensea-static/opensea-profile/27.png,themanz,https://storage.googleapis.com/opensea-static/opensea-profile/23.png,2021-04-02T20:20:25
manzcoin-nftz,successful,0.069,20739209,https://lh3.googleusercontent.com/AAmh6zd_glmKCZNNBqUfQySm0hfTQtHH63yTV1McKXFqtNkxcUkoTxXYwY_1obG39AjEm7WYtIauoqmDmcqNf0OWoXHkRPTA5JEn-w,https://lh3.googleusercontent.com/AAmh6zd_glmKCZNNBqUfQySm0hfTQtHH63yTV1McKXFqtNkxcUkoTxXYwY_1obG39AjEm7WYtIauoqmDmcqNf0OWoXHkRPTA5JEn-w=s250,https://lh3.googleusercontent.com/AAmh6zd_glmKCZNNBqUfQySm0hfTQtHH63yTV1McKXFqtNkxcUkoTxXYwY_1obG39AjEm7WYtIauoqmDmcqNf0OWoXHkRPTA5JEn-w=s128,Manzcoin - #10 / 200,,https://storage.googleapis.com/opensea-static/opensea-profile/11.png,themanz,https://storage.googleapis.com/opensea-static/opensea-profile/23.png,2021-04-02T20:20:25
manzcoin-nftz,successful,0.069,20743124,https://lh3.googleusercontent.com/AAmh6zd_glmKCZNNBqUfQySm0hfTQtHH63yTV1McKXFqtNkxcUkoTxXYwY_1obG39AjEm7WYtIauoqmDmcqNf0OWoXHkRPTA5JEn-w,https://lh3.googleusercontent.com/AAmh6zd_glmKCZNNBqUfQySm0hfTQtHH63yTV1McKXFqtNkxcUkoTxXYwY_1obG39AjEm7WYtIauoqmDmcqNf0OWoXHkRPTA5JEn-w=s250,https://lh3.googleusercontent.com/AAmh6zd_glmKCZNNBqUfQySm0hfTQtHH63yTV1McKXFqtNkxcUkoTxXYwY_1obG39AjEm7WYtIauoqmDmcqNf0OWoXHkRPTA5JEn-w=s128,Manzcoin - #27 / 200,ilikesports2,https://storage.googleapis.com/opensea-static/opensea-profile/5.png,themanz,https://storage.googleapis.com/opensea-static/opensea-profile/23.png,2021-04-02T20:20:25
manzcoin-nftz,successful,0.069,20656850,https://lh3.googleusercontent.com/AAmh6zd_glmKCZNNBqUfQySm0hfTQtHH63yTV1McKXFqtNkxcUkoTxXYwY_1obG39AjEm7WYtIauoqmDmcqNf0OWoXHkRPTA5JEn-w,https://lh3.googleusercontent.com/AAmh6zd_glmKCZNNBqUfQySm0hfTQtHH63yTV1McKXFqtNkxcUkoTxXYwY_1obG39AjEm7WYtIauoqmDmcqNf0OWoXHkRPTA5JEn-w=s250,https://lh3.googleusercontent.com/AAmh6zd_glmKCZNNBqUfQySm0hfTQtHH63yTV1McKXFqtNkxcUkoTxXYwY_1obG39AjEm7WYtIauoqmDmcqNf0OWoXHkRPTA5JEn-w=s128,Manzcoin - #1 / 200,inreb03,https://storage.googleapis.com/opensea-static/opensea-profile/13.png,themanz,https://storage.googleapis.com/opensea-static/opensea-profile/23.png,2021-04-02T20:20:25
manzcoin-nftz,successful,0.069,20740213,https://lh3.googleusercontent.com/AAmh6zd_glmKCZNNBqUfQySm0hfTQtHH63yTV1McKXFqtNkxcUkoTxXYwY_1obG39AjEm7WYtIauoqmDmcqNf0OWoXHkRPTA5JEn-w,https://lh3.googleusercontent.com/AAmh6zd_glmKCZNNBqUfQySm0hfTQtHH63yTV1McKXFqtNkxcUkoTxXYwY_1obG39AjEm7WYtIauoqmDmcqNf0OWoXHkRPTA5JEn-w=s250,https://lh3.googleusercontent.com/AAmh6zd_glmKCZNNBqUfQySm0hfTQtHH63yTV1McKXFqtNkxcUkoTxXYwY_1obG39AjEm7WYtIauoqmDmcqNf0OWoXHkRPTA5JEn-w=s128,Manzcoin - #16 / 200,TJ16,https://storage.googleapis.com/opensea-static/opensea-profile/5.png,themanz,https://storage.googleapis.com/opensea-static/opensea-profile/23.png,2021-04-02T20:20:25
